CDC_BMI_Group,極瘦,偏瘦,標準,偏胖,極胖
01_過輕 (<5th),11.475409836065573,45.08196721311475,41.80327868852459,1.639344262295082,0.0
02_正常 (5th-85th),1.3336626327488268,14.040503828105704,70.42479624598667,13.32427759940726,0.8767596937515436
03_過重 (85th-95th),0.5453644025780863,1.685671789786812,44.17451660882499,49.92563212692117,3.6688150718889436
04_肥胖 (>=95th),1.43184421534937,2.1191294387170676,15.63573883161512,60.080183276059564,20.73310423825888
