CDC_BMI_Group,正在減重,無減重行動
01_過輕 (<5th),20.33898305084746,79.66101694915254
02_正常 (5th-85th),61.8102508178844,38.1897491821156
03_過重 (85th-95th),90.20134228187919,9.798657718120806
04_肥胖 (>=95th),96.0,4.0
